seed,metodo,iteracion,tau,equiv_pldn,conc_dfnb,temperature,sty,fuente,rechazos,concern_level,grounding_usado
0,bo_puro,0,0.5,1.0,0.3991117313902215,30.0,4631.343031656316,bo_puro,0,,
0,bo_puro,1,0.5,1.0,0.19701081705667653,30.0,1506.6998392965422,bo_puro,0,,
0,bo_puro,2,0.5493459154702228,1.5574862699112109,0.48124436867955644,46.83393770249383,9048.359294386164,bo_puro,0,,
0,bo_puro,3,0.5,1.0901838821385768,0.5,58.76043156362776,9888.259005789108,bo_puro,0,,
0,bo_puro,4,0.5,2.9737155794664085,0.5,61.69518040943261,12141.360297814283,bo_puro,0,,
0,bo_puro,5,0.5,4.409538330860255,0.5,64.00747249450073,11062.750745785397,bo_puro,0,,
0,bo_puro,6,0.5,2.8034110625043587,0.5,76.01404928904685,11151.06780393613,bo_puro,0,,
0,bo_puro,7,0.5,3.5092390751533222,0.5,52.916775199586795,11821.548770518699,bo_puro,0,,
0,bo_puro,8,0.5,5.0,0.5,30.0,11342.038956150616,bo_puro,0,,
0,bo_puro,9,0.5,3.654719694050292,0.5,48.92103861527674,12118.02047397916,bo_puro,0,,
0,bo_puro,10,2.0,1.0,0.5,120.0,2717.9131818921037,bo_puro,0,,
0,bo_puro,11,0.5,1.0,0.5,120.0,10620.471117409328,bo_puro,0,,
1,bo_puro,0,0.5,4.974345957519001,0.16482488407536436,68.80479362055303,3703.3023227524127,bo_puro,0,,
1,bo_puro,1,0.5,3.6896021089340407,0.20707241305262683,120.0,3417.660069177029,bo_puro,0,,
1,bo_puro,2,0.5,4.151269022353169,0.5,80.92877992974617,9518.794876972199,bo_puro,0,,
1,bo_puro,3,0.5,4.855853507296851,0.5,69.06575492061506,9752.722177548372,bo_puro,0,,
1,bo_puro,4,0.5,1.7422842316035396,0.5,65.90240766644429,10831.700668004383,bo_puro,0,,
1,bo_puro,5,0.5,1.0,0.5,58.160513338817026,9394.63886745159,bo_puro,0,,
1,bo_puro,6,0.5,3.089478163119216,0.5,59.863872163927354,10736.302163688537,bo_puro,0,,
1,bo_puro,7,0.5,5.0,0.5,30.0,10703.764468420111,bo_puro,0,,
1,bo_puro,8,0.5,3.552714407206614,0.5,44.707052570872854,10553.25733393014,bo_puro,0,,
1,bo_puro,9,0.5,3.7469968317868894,0.5,51.94854003019448,11258.880937837937,bo_puro,0,,
1,bo_puro,10,2.0,5.0,0.5,30.0,2587.5553635706824,bo_puro,0,,
1,bo_puro,11,0.7943296836067972,5.0,0.5,30.0,7208.785783751929,bo_puro,0,,
2,bo_puro,0,0.5,3.480300306447202,0.41729291757707254,120.0,5156.651156249554,bo_puro,0,,
2,bo_puro,1,0.5,1.0,0.5,120.0,11665.247513763057,bo_puro,0,,
2,bo_puro,2,0.5,1.0,0.5,74.73041653225019,10100.929206965659,bo_puro,0,,
2,bo_puro,3,0.5,1.0,0.5,120.0,11090.629767642304,bo_puro,0,,
2,bo_puro,4,0.5,1.0,0.5,120.0,10842.996946597015,bo_puro,0,,
2,bo_puro,5,0.5,5.0,0.5,30.0,10153.461567456874,bo_puro,0,,
2,bo_puro,6,0.5,1.0,0.5,30.0,5882.535915059367,bo_puro,0,,
2,bo_puro,7,0.5,1.0,0.5,104.09300009191593,11753.74141076914,bo_puro,0,,
2,bo_puro,8,0.5,1.0,0.5,103.37270884497897,11271.105683985777,bo_puro,0,,
2,bo_puro,9,2.0,5.0,0.5,30.0,2624.587332881966,bo_puro,0,,
2,bo_puro,10,0.5,5.0,0.1,30.0,1491.2317477530282,bo_puro,0,,
2,bo_puro,11,0.5,5.0,0.5,60.31462942594135,10002.899468897782,bo_puro,0,,
3,bo_puro,0,1.2526974329560527,1.2181970668179845,0.2561284767097954,100.18310041216078,2255.374716646791,bo_puro,0,,
3,bo_puro,1,1.3636248097571457,1.1983534709035408,0.4410001885178353,65.40283560578015,3801.266242128553,bo_puro,0,,
3,bo_puro,2,1.1442294239441673,1.3091104183033857,0.46510701011371935,80.87036379420587,4725.420632776733,bo_puro,0,,
3,bo_puro,3,0.963116053343299,1.2958545896119547,0.5,68.23539693214775,5172.244969109359,bo_puro,0,,
3,bo_puro,4,0.82728160599371,1.0,0.5,90.11869586091566,6264.456213854025,bo_puro,0,,
3,bo_puro,5,0.5783823265260304,1.0,0.5,96.10722159175636,9849.874301664102,bo_puro,0,,
3,bo_puro,6,0.5,1.0,0.5,120.0,11810.920261792251,bo_puro,0,,
3,bo_puro,7,0.5,1.0,0.5,120.0,10928.934101433984,bo_puro,0,,
3,bo_puro,8,2.0,1.0,0.1,30.0,282.3958432362888,bo_puro,0,,
3,bo_puro,9,0.5,1.0,0.5,41.3032267896947,7179.887393269656,bo_puro,0,,
3,bo_puro,10,2.0,5.0,0.5,120.0,36.695873744982784,bo_puro,0,,
3,bo_puro,11,0.5,1.9484233620416567,0.5,120.0,9675.101270261563,bo_puro,0,,
4,bo_puro,0,0.5,5.0,0.5,120.0,3429.7258206900633,bo_puro,0,,
4,bo_puro,1,0.5,1.0,0.5,30.0,6068.971596333597,bo_puro,0,,
4,bo_puro,2,0.5,1.0,0.5,120.0,10419.409569774953,bo_puro,0,,
4,bo_puro,3,0.5,1.0,0.1,101.97350118240365,1828.0191079266328,bo_puro,0,,
4,bo_puro,4,0.5,1.0,0.5,95.73423158140922,11229.757670855139,bo_puro,0,,
4,bo_puro,5,0.5,5.0,0.5,30.0,12262.09291727163,bo_puro,0,,
4,bo_puro,6,0.5,5.0,0.39135682455421783,30.0,8418.094586922802,bo_puro,0,,
4,bo_puro,7,0.5,3.880891116507304,0.5,50.28519602018699,11142.414378668696,bo_puro,0,,
4,bo_puro,8,0.5000000000000002,5.0,0.5,30.0,12021.522617606646,bo_puro,0,,
4,bo_puro,9,0.8880776896477925,5.0,0.5,30.0,6344.424488524287,bo_puro,0,,
4,bo_puro,10,0.7882219247050593,1.0,0.5,104.97412132137244,6977.490006552088,bo_puro,0,,
4,bo_puro,11,0.5,1.0,0.3976386985039929,102.22255596537148,8923.885783358415,bo_puro,0,,
0,multiagent_norag,0,0.75,1.5,0.35,60.0,5490.670525736456,multiagent_norag,1,low,
0,multiagent_norag,1,1.07,1.72,0.31,30.0,3046.662354701124,multiagent_norag,1,low,
0,multiagent_norag,2,0.5,1.2,0.46,64.0,9398.006837291348,multiagent_norag,0,low,
0,multiagent_norag,3,0.5,1.0,0.5,30.0,6321.850523826306,multiagent_norag,0,low,
0,multiagent_norag,4,0.5,1.0,0.5,73.3,10825.332283397227,multiagent_norag,0,low,
0,multiagent_norag,5,0.5,1.0,0.5,85.4,11101.735845595902,multiagent_norag,0,low,
0,multiagent_norag,6,0.5,1.0,0.5,88.7,11033.465219807571,multiagent_norag,0,low,
0,multiagent_norag,7,2.0,1.0,0.5,86.4,2918.9762138290835,multiagent_norag,0,low,
0,multiagent_norag,8,0.5,1.0,0.5,86.3,10243.374671205242,multiagent_norag,0,low,
0,multiagent_norag,9,0.5,5.0,0.5,78.0,9399.115237956998,multiagent_norag,0,low,
0,multiagent_norag,10,0.5,1.0,0.5,120.0,10704.027468766553,multiagent_norag,0,low,
0,multiagent_norag,11,0.5,1.0,0.5,99.0,10409.853921533337,multiagent_norag,0,low,
1,multiagent_norag,0,0.6,4.5,0.3,80.0,4867.127798019624,multiagent_norag,0,low,
1,multiagent_norag,1,0.5,5.0,0.18,53.0,4016.980955009283,multiagent_norag,0,medium,
1,multiagent_norag,2,1.14,5.0,0.5,86.0,2178.472444132933,multiagent_norag,0,low,
1,multiagent_norag,3,0.5,4.8,0.3,52.8,6815.480420653397,multiagent_norag,0,low,
1,multiagent_norag,4,0.5,5.0,0.31,35.2,6722.2558531533305,multiagent_norag,1,low,
1,multiagent_norag,5,0.5,5.0,0.34,44.9,8097.946625420727,multiagent_norag,0,low,
1,multiagent_norag,6,0.5,5.0,0.41,43.2,8989.961356453374,multiagent_norag,0,low,
1,multiagent_norag,7,0.5,5.0,0.45,40.5,9540.70909056197,multiagent_norag,0,low,
1,multiagent_norag,8,0.5,5.0,0.5,39.2,10495.395997678293,multiagent_norag,0,low,
1,multiagent_norag,9,0.5,3.1,0.5,36.2,11323.17385208571,multiagent_norag,0,low,
1,multiagent_norag,10,0.5,1.0,0.5,30.0,6080.269623063922,multiagent_norag,0,low,
1,multiagent_norag,11,0.5,3.79,0.5,30.0,11353.352489989235,multiagent_norag,0,low,
2,multiagent_norag,0,0.5,3.48,0.42,120.0,5171.109091444495,multiagent_norag,0,low,
2,multiagent_norag,1,0.5,1.0,0.5,120.0,11665.247513763057,multiagent_norag,0,low,
2,multiagent_norag,2,0.5,1.0,0.5,74.7,10099.575340625956,multiagent_norag,0,low,
2,multiagent_norag,3,0.5,1.0,0.5,120.0,11090.629767642304,multiagent_norag,0,low,
2,multiagent_norag,4,0.5,1.0,0.5,120.0,10842.996946597015,multiagent_norag,0,low,
2,multiagent_norag,5,0.5,1.0,0.5,120.0,9609.352914777834,multiagent_norag,1,low,
2,multiagent_norag,6,0.5,1.0,0.5,99.3,10330.674859226781,multiagent_norag,1,low,
2,multiagent_norag,7,0.5,1.0,0.5,30.0,6648.919654138728,multiagent_norag,0,low,
2,multiagent_norag,8,0.5,5.0,0.5,30.0,12075.665230558181,multiagent_norag,0,low,
2,multiagent_norag,9,0.5,5.0,0.5,30.0,11670.124986203144,multiagent_norag,0,low,
2,multiagent_norag,10,0.5,5.0,0.5,30.0,11648.950216245128,multiagent_norag,0,low,
2,multiagent_norag,11,0.5,5.0,0.5,30.0,11153.996971170678,multiagent_norag,0,low,
3,multiagent_norag,0,1.25,1.22,0.26,100.2,2293.690947750515,multiagent_norag,0,low,
3,multiagent_norag,1,1.36,1.23,0.44,65.4,3816.054118587663,multiagent_norag,0,low,
3,multiagent_norag,2,1.18,1.36,0.47,87.3,4526.260036187594,multiagent_norag,0,low,
3,multiagent_norag,3,1.05,1.12,0.5,70.7,4657.461948621234,multiagent_norag,0,low,
3,multiagent_norag,4,1.1,1.0,0.5,106.0,4795.530719541963,multiagent_norag,0,low,
3,multiagent_norag,5,1.23,1.0,0.5,100.5,4770.714387240367,multiagent_norag,0,low,
3,multiagent_norag,6,0.58,1.0,0.35,120.0,7077.4755516915175,multiagent_norag,0,low,
3,multiagent_norag,7,0.5,1.0,0.38,120.0,8225.954017452881,multiagent_norag,0,low,
3,multiagent_norag,8,0.5,1.0,0.44,120.0,9950.101082287798,multiagent_norag,0,low,
3,multiagent_norag,9,0.5,1.0,0.5,120.0,10503.03764300311,multiagent_norag,0,low,
3,multiagent_norag,10,0.5,1.0,0.5,120.0,11063.653512551991,multiagent_norag,0,low,
3,multiagent_norag,11,0.5,1.0,0.5,30.0,6479.933452487022,multiagent_norag,0,low,
4,multiagent_norag,0,0.5,5.0,0.5,120.0,3429.7258206900633,multiagent_norag,0,low,
4,multiagent_norag,1,0.5,1.0,0.5,120.0,10868.670206353123,multiagent_norag,1,low,
4,multiagent_norag,2,0.5,1.0,0.5,30.0,5818.108336065574,multiagent_norag,0,low,
4,multiagent_norag,3,0.5,1.0,0.1,120.0,2031.2146216791036,multiagent_norag,0,low,
4,multiagent_norag,4,0.5,1.0,0.5,104.7,11379.967113433351,multiagent_norag,0,low,
4,multiagent_norag,5,0.5,5.0,0.5,30.0,12262.09291727163,multiagent_norag,0,low,
4,multiagent_norag,6,0.5,5.0,0.38,30.0,8153.643567592611,multiagent_norag,0,low,
4,multiagent_norag,7,0.5,4.1,0.5,47.4,11188.5621537131,multiagent_norag,0,low,
4,multiagent_norag,8,0.86,5.0,0.5,30.0,6879.782560729434,multiagent_norag,0,low,
4,multiagent_norag,9,0.8,1.0,0.5,109.8,6839.561411604123,multiagent_norag,0,low,
4,multiagent_norag,10,0.5,1.0,0.4,103.0,8507.775087524898,multiagent_norag,0,low,
4,multiagent_norag,11,0.5,5.0,0.5,30.0,12217.72910416178,multiagent_norag,0,low,
0,multiagent_grounded,0,0.75,1.5,0.35,60.0,5490.670525736456,multiagent_grounded,1,low,https://chem.libretexts.org/Bookshelves/Organic_Chemistry/OCLUE:_Organic_Chemistry_Life_the_Universe_and_Everything_(Copper_and_Klymkowsky)/08:_Conjugated_compounds_and_aromaticity/8.12:_Nucleophilic_Substitutions_on_Aromatic_Systems-_Expanding_the_range_of_potential_substitution_products;https://en.wikipedia.org/wiki/Nucleophilic_aromatic_substitution;https://en.wikipedia.org/wiki/Nucleophilic_aromatic_substitution
0,multiagent_grounded,1,1.07,1.72,0.31,30.0,3046.662354701124,multiagent_grounded,1,low,https://chem.libretexts.org/Bookshelves/Organic_Chemistry/OCLUE:_Organic_Chemistry_Life_the_Universe_and_Everything_(Copper_and_Klymkowsky)/08:_Conjugated_compounds_and_aromaticity/8.12:_Nucleophilic_Substitutions_on_Aromatic_Systems-_Expanding_the_range_of_potential_substitution_products;https://en.wikipedia.org/wiki/Nucleophilic_aromatic_substitution;https://en.wikipedia.org/wiki/Nucleophilic_aromatic_substitution
0,multiagent_grounded,2,0.5,1.2,0.46,64.0,9398.006837291348,multiagent_grounded,0,low,https://chem.libretexts.org/Bookshelves/Organic_Chemistry/OCLUE:_Organic_Chemistry_Life_the_Universe_and_Everything_(Copper_and_Klymkowsky)/08:_Conjugated_compounds_and_aromaticity/8.12:_Nucleophilic_Substitutions_on_Aromatic_Systems-_Expanding_the_range_of_potential_substitution_products;https://en.wikipedia.org/wiki/Nucleophilic_aromatic_substitution;https://en.wikipedia.org/wiki/Nucleophilic_aromatic_substitution
0,multiagent_grounded,3,0.5,1.0,0.5,30.0,6321.850523826306,multiagent_grounded,0,low,https://chem.libretexts.org/Bookshelves/Organic_Chemistry/OCLUE:_Organic_Chemistry_Life_the_Universe_and_Everything_(Copper_and_Klymkowsky)/08:_Conjugated_compounds_and_aromaticity/8.12:_Nucleophilic_Substitutions_on_Aromatic_Systems-_Expanding_the_range_of_potential_substitution_products;https://en.wikipedia.org/wiki/Nucleophilic_aromatic_substitution;https://en.wikipedia.org/wiki/Nucleophilic_aromatic_substitution
0,multiagent_grounded,4,0.5,1.0,0.5,73.3,10825.332283397227,multiagent_grounded,0,low,https://en.wikipedia.org/wiki/Nucleophilic_aromatic_substitution;https://chem.libretexts.org/Bookshelves/Organic_Chemistry/OCLUE:_Organic_Chemistry_Life_the_Universe_and_Everything_(Copper_and_Klymkowsky)/08:_Conjugated_compounds_and_aromaticity/8.12:_Nucleophilic_Substitutions_on_Aromatic_Systems-_Expanding_the_range_of_potential_substitution_products;https://en.wikipedia.org/wiki/Nucleophilic_aromatic_substitution
0,multiagent_grounded,5,0.5,1.0,0.5,85.4,11101.735845595902,multiagent_grounded,0,low,https://chem.libretexts.org/Bookshelves/Organic_Chemistry/OCLUE:_Organic_Chemistry_Life_the_Universe_and_Everything_(Copper_and_Klymkowsky)/08:_Conjugated_compounds_and_aromaticity/8.12:_Nucleophilic_Substitutions_on_Aromatic_Systems-_Expanding_the_range_of_potential_substitution_products;https://en.wikipedia.org/wiki/Nucleophilic_aromatic_substitution;https://en.wikipedia.org/wiki/Nucleophilic_aromatic_substitution
0,multiagent_grounded,6,0.5,1.0,0.5,88.7,11033.465219807571,multiagent_grounded,0,low,https://chem.libretexts.org/Bookshelves/Organic_Chemistry/OCLUE:_Organic_Chemistry_Life_the_Universe_and_Everything_(Copper_and_Klymkowsky)/08:_Conjugated_compounds_and_aromaticity/8.12:_Nucleophilic_Substitutions_on_Aromatic_Systems-_Expanding_the_range_of_potential_substitution_products;https://en.wikipedia.org/wiki/Nucleophilic_aromatic_substitution;https://en.wikipedia.org/wiki/Nucleophilic_aromatic_substitution
0,multiagent_grounded,7,2.0,1.0,0.5,86.4,2918.9762138290835,multiagent_grounded,0,low,https://chem.libretexts.org/Bookshelves/Organic_Chemistry/OCLUE:_Organic_Chemistry_Life_the_Universe_and_Everything_(Copper_and_Klymkowsky)/08:_Conjugated_compounds_and_aromaticity/8.12:_Nucleophilic_Substitutions_on_Aromatic_Systems-_Expanding_the_range_of_potential_substitution_products;https://en.wikipedia.org/wiki/Nucleophilic_aromatic_substitution;https://en.wikipedia.org/wiki/Nucleophilic_aromatic_substitution
0,multiagent_grounded,8,0.5,1.0,0.5,86.3,10243.374671205242,multiagent_grounded,0,low,https://en.wikipedia.org/wiki/Nucleophilic_aromatic_substitution;https://en.wikipedia.org/wiki/Nucleophilic_aromatic_substitution;https://chem.libretexts.org/Bookshelves/Organic_Chemistry/OCLUE:_Organic_Chemistry_Life_the_Universe_and_Everything_(Copper_and_Klymkowsky)/08:_Conjugated_compounds_and_aromaticity/8.12:_Nucleophilic_Substitutions_on_Aromatic_Systems-_Expanding_the_range_of_potential_substitution_products
0,multiagent_grounded,9,0.5,5.0,0.5,78.0,9399.115237956998,multiagent_grounded,0,low,https://en.wikipedia.org/wiki/Nucleophilic_aromatic_substitution;https://en.wikipedia.org/wiki/Nucleophilic_aromatic_substitution;https://chem.libretexts.org/Bookshelves/Organic_Chemistry/OCLUE:_Organic_Chemistry_Life_the_Universe_and_Everything_(Copper_and_Klymkowsky)/08:_Conjugated_compounds_and_aromaticity/8.12:_Nucleophilic_Substitutions_on_Aromatic_Systems-_Expanding_the_range_of_potential_substitution_products
0,multiagent_grounded,10,0.5,1.0,0.5,120.0,10704.027468766553,multiagent_grounded,0,low,https://chem.libretexts.org/Bookshelves/Organic_Chemistry/OCLUE:_Organic_Chemistry_Life_the_Universe_and_Everything_(Copper_and_Klymkowsky)/08:_Conjugated_compounds_and_aromaticity/8.12:_Nucleophilic_Substitutions_on_Aromatic_Systems-_Expanding_the_range_of_potential_substitution_products;https://en.wikipedia.org/wiki/Nucleophilic_aromatic_substitution;https://en.wikipedia.org/wiki/Nucleophilic_aromatic_substitution
0,multiagent_grounded,11,0.5,1.0,0.5,99.0,10409.853921533337,multiagent_grounded,0,low,https://chem.libretexts.org/Bookshelves/Organic_Chemistry/OCLUE:_Organic_Chemistry_Life_the_Universe_and_Everything_(Copper_and_Klymkowsky)/08:_Conjugated_compounds_and_aromaticity/8.12:_Nucleophilic_Substitutions_on_Aromatic_Systems-_Expanding_the_range_of_potential_substitution_products;https://en.wikipedia.org/wiki/Nucleophilic_aromatic_substitution;https://en.wikipedia.org/wiki/Nucleophilic_aromatic_substitution
1,multiagent_grounded,0,0.6,4.5,0.3,80.0,4867.127798019624,multiagent_grounded,0,low,https://en.wikipedia.org/wiki/Nucleophilic_aromatic_substitution;https://en.wikipedia.org/wiki/Nucleophilic_aromatic_substitution;https://chem.libretexts.org/Bookshelves/Organic_Chemistry/OCLUE:_Organic_Chemistry_Life_the_Universe_and_Everything_(Copper_and_Klymkowsky)/08:_Conjugated_compounds_and_aromaticity/8.12:_Nucleophilic_Substitutions_on_Aromatic_Systems-_Expanding_the_range_of_potential_substitution_products
1,multiagent_grounded,1,0.5,4.270890982609851,0.2951242503204403,50.049318967265506,6605.831315571404,bo_fallback,3,high,https://chem.libretexts.org/Bookshelves/Organic_Chemistry/OCLUE:_Organic_Chemistry_Life_the_Universe_and_Everything_(Copper_and_Klymkowsky)/08:_Conjugated_compounds_and_aromaticity/8.12:_Nucleophilic_Substitutions_on_Aromatic_Systems-_Expanding_the_range_of_potential_substitution_products;https://en.wikipedia.org/wiki/Nucleophilic_aromatic_substitution;https://en.wikipedia.org/wiki/Nucleophilic_aromatic_substitution
1,multiagent_grounded,2,1.0,4.3,0.24,30.0,2848.3479650881595,multiagent_grounded,0,low,https://chem.libretexts.org/Bookshelves/Organic_Chemistry/OCLUE:_Organic_Chemistry_Life_the_Universe_and_Everything_(Copper_and_Klymkowsky)/08:_Conjugated_compounds_and_aromaticity/8.12:_Nucleophilic_Substitutions_on_Aromatic_Systems-_Expanding_the_range_of_potential_substitution_products;https://en.wikipedia.org/wiki/Nucleophilic_aromatic_substitution;https://en.wikipedia.org/wiki/Nucleophilic_aromatic_substitution
1,multiagent_grounded,3,1.0,3.43,0.34,30.0,3904.545217118305,multiagent_grounded,0,low,https://en.wikipedia.org/wiki/Nucleophilic_aromatic_substitution;https://chem.libretexts.org/Bookshelves/Organic_Chemistry/OCLUE:_Organic_Chemistry_Life_the_Universe_and_Everything_(Copper_and_Klymkowsky)/08:_Conjugated_compounds_and_aromaticity/8.12:_Nucleophilic_Substitutions_on_Aromatic_Systems-_Expanding_the_range_of_potential_substitution_products;https://en.wikipedia.org/wiki/Nucleophilic_aromatic_substitution
1,multiagent_grounded,4,0.5,3.84,0.41,30.0,8627.180735526295,multiagent_grounded,0,low,https://en.wikipedia.org/wiki/Nucleophilic_aromatic_substitution;https://en.wikipedia.org/wiki/Nucleophilic_aromatic_substitution;https://chem.libretexts.org/Bookshelves/Organic_Chemistry/OCLUE:_Organic_Chemistry_Life_the_Universe_and_Everything_(Copper_and_Klymkowsky)/08:_Conjugated_compounds_and_aromaticity/8.12:_Nucleophilic_Substitutions_on_Aromatic_Systems-_Expanding_the_range_of_potential_substitution_products
1,multiagent_grounded,5,0.5,3.05,0.5,30.0,11305.440580335471,multiagent_grounded,0,low,https://chem.libretexts.org/Bookshelves/Organic_Chemistry/OCLUE:_Organic_Chemistry_Life_the_Universe_and_Everything_(Copper_and_Klymkowsky)/08:_Conjugated_compounds_and_aromaticity/8.12:_Nucleophilic_Substitutions_on_Aromatic_Systems-_Expanding_the_range_of_potential_substitution_products;https://en.wikipedia.org/wiki/Nucleophilic_aromatic_substitution;https://en.wikipedia.org/wiki/Nucleophilic_aromatic_substitution
1,multiagent_grounded,6,0.5,2.44,0.5,30.0,9771.331216972094,multiagent_grounded,0,low,https://chem.libretexts.org/Bookshelves/Organic_Chemistry/OCLUE:_Organic_Chemistry_Life_the_Universe_and_Everything_(Copper_and_Klymkowsky)/08:_Conjugated_compounds_and_aromaticity/8.12:_Nucleophilic_Substitutions_on_Aromatic_Systems-_Expanding_the_range_of_potential_substitution_products;https://en.wikipedia.org/wiki/Nucleophilic_aromatic_substitution;https://en.wikipedia.org/wiki/Nucleophilic_aromatic_substitution
1,multiagent_grounded,7,0.5,3.0,0.5,30.0,10044.153999423868,multiagent_grounded,0,low,https://en.wikipedia.org/wiki/Nucleophilic_aromatic_substitution;https://en.wikipedia.org/wiki/Nucleophilic_aromatic_substitution;https://en.wikipedia.org/wiki/Nucleophilic_aromatic_substitution
1,multiagent_grounded,8,0.5,1.0,0.5,30.0,5611.073911618723,multiagent_grounded,0,low,https://en.wikipedia.org/wiki/Nucleophilic_aromatic_substitution;https://chem.libretexts.org/Bookshelves/Organic_Chemistry/OCLUE:_Organic_Chemistry_Life_the_Universe_and_Everything_(Copper_and_Klymkowsky)/08:_Conjugated_compounds_and_aromaticity/8.12:_Nucleophilic_Substitutions_on_Aromatic_Systems-_Expanding_the_range_of_potential_substitution_products;https://en.wikipedia.org/wiki/Nucleophilic_aromatic_substitution
1,multiagent_grounded,9,2.0,5.0,0.5,30.0,2599.7461530833666,multiagent_grounded,0,low,https://chem.libretexts.org/Bookshelves/Organic_Chemistry/OCLUE:_Organic_Chemistry_Life_the_Universe_and_Everything_(Copper_and_Klymkowsky)/08:_Conjugated_compounds_and_aromaticity/8.12:_Nucleophilic_Substitutions_on_Aromatic_Systems-_Expanding_the_range_of_potential_substitution_products;https://en.wikipedia.org/wiki/Nucleophilic_aromatic_substitution;https://en.wikipedia.org/wiki/Nucleophilic_aromatic_substitution
1,multiagent_grounded,10,2.0,5.0,0.1,120.0,222.64045386502525,multiagent_grounded,0,low,https://chem.libretexts.org/Bookshelves/Organic_Chemistry/OCLUE:_Organic_Chemistry_Life_the_Universe_and_Everything_(Copper_and_Klymkowsky)/08:_Conjugated_compounds_and_aromaticity/8.12:_Nucleophilic_Substitutions_on_Aromatic_Systems-_Expanding_the_range_of_potential_substitution_products;https://en.wikipedia.org/wiki/Nucleophilic_aromatic_substitution;https://en.wikipedia.org/wiki/Nucleophilic_aromatic_substitution
1,multiagent_grounded,11,0.5,2.82,0.5,63.6,11186.581696954758,multiagent_grounded,0,low,https://chem.libretexts.org/Bookshelves/Organic_Chemistry/OCLUE:_Organic_Chemistry_Life_the_Universe_and_Everything_(Copper_and_Klymkowsky)/08:_Conjugated_compounds_and_aromaticity/8.12:_Nucleophilic_Substitutions_on_Aromatic_Systems-_Expanding_the_range_of_potential_substitution_products;https://en.wikipedia.org/wiki/Nucleophilic_aromatic_substitution;https://en.wikipedia.org/wiki/Nucleophilic_aromatic_substitution
2,multiagent_grounded,0,0.5,3.48,0.42,120.0,5171.109091444495,multiagent_grounded,0,low,https://en.wikipedia.org/wiki/Nucleophilic_aromatic_substitution;https://chem.libretexts.org/Bookshelves/Organic_Chemistry/OCLUE:_Organic_Chemistry_Life_the_Universe_and_Everything_(Copper_and_Klymkowsky)/08:_Conjugated_compounds_and_aromaticity/8.12:_Nucleophilic_Substitutions_on_Aromatic_Systems-_Expanding_the_range_of_potential_substitution_products;https://en.wikipedia.org/wiki/Nucleophilic_aromatic_substitution
2,multiagent_grounded,1,0.5,1.0,0.5,120.0,11665.247513763057,multiagent_grounded,0,low,https://en.wikipedia.org/wiki/Nucleophilic_aromatic_substitution;https://en.wikipedia.org/wiki/Nucleophilic_aromatic_substitution;https://chem.libretexts.org/Bookshelves/Organic_Chemistry/OCLUE:_Organic_Chemistry_Life_the_Universe_and_Everything_(Copper_and_Klymkowsky)/08:_Conjugated_compounds_and_aromaticity/8.12:_Nucleophilic_Substitutions_on_Aromatic_Systems-_Expanding_the_range_of_potential_substitution_products
2,multiagent_grounded,2,0.5,1.0,0.5,74.7,10099.575340625956,multiagent_grounded,0,low,https://chem.libretexts.org/Bookshelves/Organic_Chemistry/OCLUE:_Organic_Chemistry_Life_the_Universe_and_Everything_(Copper_and_Klymkowsky)/08:_Conjugated_compounds_and_aromaticity/8.12:_Nucleophilic_Substitutions_on_Aromatic_Systems-_Expanding_the_range_of_potential_substitution_products;https://en.wikipedia.org/wiki/Nucleophilic_aromatic_substitution;https://en.wikipedia.org/wiki/Nucleophilic_aromatic_substitution
2,multiagent_grounded,3,0.5,1.0,0.5,120.0,11090.629767642304,multiagent_grounded,0,low,https://en.wikipedia.org/wiki/Nucleophilic_aromatic_substitution;https://en.wikipedia.org/wiki/Nucleophilic_aromatic_substitution;https://en.wikipedia.org/wiki/Nucleophilic_aromatic_substitution
2,multiagent_grounded,4,0.5,1.0,0.5,120.0,10842.996946597015,multiagent_grounded,0,low,https://chem.libretexts.org/Bookshelves/Organic_Chemistry/OCLUE:_Organic_Chemistry_Life_the_Universe_and_Everything_(Copper_and_Klymkowsky)/08:_Conjugated_compounds_and_aromaticity/8.12:_Nucleophilic_Substitutions_on_Aromatic_Systems-_Expanding_the_range_of_potential_substitution_products;https://en.wikipedia.org/wiki/Nucleophilic_aromatic_substitution;https://en.wikipedia.org/wiki/Nucleophilic_aromatic_substitution
2,multiagent_grounded,5,0.5,1.0,0.5,120.0,9609.352914777834,multiagent_grounded,1,low,https://en.wikipedia.org/wiki/Nucleophilic_aromatic_substitution;https://en.wikipedia.org/wiki/Nucleophilic_aromatic_substitution;https://en.wikipedia.org/wiki/Nucleophilic_aromatic_substitution
2,multiagent_grounded,6,0.5,1.0,0.5,30.0,5882.535915059367,multiagent_grounded,0,low,https://chem.libretexts.org/Bookshelves/Organic_Chemistry/OCLUE:_Organic_Chemistry_Life_the_Universe_and_Everything_(Copper_and_Klymkowsky)/08:_Conjugated_compounds_and_aromaticity/8.12:_Nucleophilic_Substitutions_on_Aromatic_Systems-_Expanding_the_range_of_potential_substitution_products;https://en.wikipedia.org/wiki/Nucleophilic_aromatic_substitution;https://en.wikipedia.org/wiki/Nucleophilic_aromatic_substitution
2,multiagent_grounded,7,0.5,5.0,0.5,30.0,12581.498685684639,multiagent_grounded,0,low,https://en.wikipedia.org/wiki/Nucleophilic_aromatic_substitution;https://chem.libretexts.org/Bookshelves/Organic_Chemistry/OCLUE:_Organic_Chemistry_Life_the_Universe_and_Everything_(Copper_and_Klymkowsky)/08:_Conjugated_compounds_and_aromaticity/8.12:_Nucleophilic_Substitutions_on_Aromatic_Systems-_Expanding_the_range_of_potential_substitution_products;https://en.wikipedia.org/wiki/Nucleophilic_aromatic_substitution
2,multiagent_grounded,8,0.5,5.0,0.5,30.0,12075.665230558181,multiagent_grounded,0,low,https://en.wikipedia.org/wiki/Nucleophilic_aromatic_substitution;https://chem.libretexts.org/Bookshelves/Organic_Chemistry/OCLUE:_Organic_Chemistry_Life_the_Universe_and_Everything_(Copper_and_Klymkowsky)/08:_Conjugated_compounds_and_aromaticity/8.12:_Nucleophilic_Substitutions_on_Aromatic_Systems-_Expanding_the_range_of_potential_substitution_products;https://en.wikipedia.org/wiki/Nucleophilic_aromatic_substitution
2,multiagent_grounded,9,0.5,5.0,0.5,30.0,11670.124986203144,multiagent_grounded,0,low,https://chem.libretexts.org/Bookshelves/Organic_Chemistry/OCLUE:_Organic_Chemistry_Life_the_Universe_and_Everything_(Copper_and_Klymkowsky)/08:_Conjugated_compounds_and_aromaticity/8.12:_Nucleophilic_Substitutions_on_Aromatic_Systems-_Expanding_the_range_of_potential_substitution_products;https://en.wikipedia.org/wiki/Nucleophilic_aromatic_substitution;https://en.wikipedia.org/wiki/Nucleophilic_aromatic_substitution
2,multiagent_grounded,10,2.0,5.0,0.5,30.0,2619.8251702595267,multiagent_grounded,0,low,https://chem.libretexts.org/Bookshelves/Organic_Chemistry/OCLUE:_Organic_Chemistry_Life_the_Universe_and_Everything_(Copper_and_Klymkowsky)/08:_Conjugated_compounds_and_aromaticity/8.12:_Nucleophilic_Substitutions_on_Aromatic_Systems-_Expanding_the_range_of_potential_substitution_products;https://en.wikipedia.org/wiki/Nucleophilic_aromatic_substitution;https://en.wikipedia.org/wiki/Nucleophilic_aromatic_substitution
2,multiagent_grounded,11,0.5,5.0,0.35,30.0,7636.378340546455,multiagent_grounded,0,low,https://chem.libretexts.org/Bookshelves/Organic_Chemistry/OCLUE:_Organic_Chemistry_Life_the_Universe_and_Everything_(Copper_and_Klymkowsky)/08:_Conjugated_compounds_and_aromaticity/8.12:_Nucleophilic_Substitutions_on_Aromatic_Systems-_Expanding_the_range_of_potential_substitution_products;https://en.wikipedia.org/wiki/Nucleophilic_aromatic_substitution;https://en.wikipedia.org/wiki/Nucleophilic_aromatic_substitution
3,multiagent_grounded,0,1.25,1.22,0.26,100.2,2293.690947750515,multiagent_grounded,0,low,https://en.wikipedia.org/wiki/Nucleophilic_aromatic_substitution;https://en.wikipedia.org/wiki/Nucleophilic_aromatic_substitution;https://en.wikipedia.org/wiki/Nucleophilic_aromatic_substitution
3,multiagent_grounded,1,1.36,1.23,0.44,65.4,3816.054118587663,multiagent_grounded,0,low,https://chem.libretexts.org/Bookshelves/Organic_Chemistry/OCLUE:_Organic_Chemistry_Life_the_Universe_and_Everything_(Copper_and_Klymkowsky)/08:_Conjugated_compounds_and_aromaticity/8.12:_Nucleophilic_Substitutions_on_Aromatic_Systems-_Expanding_the_range_of_potential_substitution_products;https://en.wikipedia.org/wiki/Nucleophilic_aromatic_substitution;https://en.wikipedia.org/wiki/Nucleophilic_aromatic_substitution
3,multiagent_grounded,2,1.18,1.36,0.47,87.3,4526.260036187594,multiagent_grounded,0,low,https://en.wikipedia.org/wiki/Nucleophilic_aromatic_substitution;https://chem.libretexts.org/Bookshelves/Organic_Chemistry/OCLUE:_Organic_Chemistry_Life_the_Universe_and_Everything_(Copper_and_Klymkowsky)/08:_Conjugated_compounds_and_aromaticity/8.12:_Nucleophilic_Substitutions_on_Aromatic_Systems-_Expanding_the_range_of_potential_substitution_products;https://en.wikipedia.org/wiki/Nucleophilic_aromatic_substitution
3,multiagent_grounded,3,1.05,1.12,0.5,70.7,4657.461948621234,multiagent_grounded,0,low,https://en.wikipedia.org/wiki/Nucleophilic_aromatic_substitution;https://en.wikipedia.org/wiki/Nucleophilic_aromatic_substitution;https://en.wikipedia.org/wiki/Nucleophilic_aromatic_substitution
3,multiagent_grounded,4,1.1,1.0,0.5,106.0,4795.530719541963,multiagent_grounded,0,low,https://chem.libretexts.org/Bookshelves/Organic_Chemistry/OCLUE:_Organic_Chemistry_Life_the_Universe_and_Everything_(Copper_and_Klymkowsky)/08:_Conjugated_compounds_and_aromaticity/8.12:_Nucleophilic_Substitutions_on_Aromatic_Systems-_Expanding_the_range_of_potential_substitution_products;https://en.wikipedia.org/wiki/Nucleophilic_aromatic_substitution;https://en.wikipedia.org/wiki/Nucleophilic_aromatic_substitution
3,multiagent_grounded,5,1.23,1.0,0.5,100.5,4770.714387240367,multiagent_grounded,0,low,https://en.wikipedia.org/wiki/Nucleophilic_aromatic_substitution;https://en.wikipedia.org/wiki/Nucleophilic_aromatic_substitution;https://en.wikipedia.org/wiki/Nucleophilic_aromatic_substitution
3,multiagent_grounded,6,0.58,1.0,0.35,120.0,7077.4755516915175,multiagent_grounded,0,low,https://chem.libretexts.org/Bookshelves/Organic_Chemistry/OCLUE:_Organic_Chemistry_Life_the_Universe_and_Everything_(Copper_and_Klymkowsky)/08:_Conjugated_compounds_and_aromaticity/8.12:_Nucleophilic_Substitutions_on_Aromatic_Systems-_Expanding_the_range_of_potential_substitution_products;https://en.wikipedia.org/wiki/Nucleophilic_aromatic_substitution;https://en.wikipedia.org/wiki/Nucleophilic_aromatic_substitution
3,multiagent_grounded,7,0.5,1.0,0.38,120.0,8225.954017452881,multiagent_grounded,0,low,https://en.wikipedia.org/wiki/Nucleophilic_aromatic_substitution;https://chem.libretexts.org/Bookshelves/Organic_Chemistry/OCLUE:_Organic_Chemistry_Life_the_Universe_and_Everything_(Copper_and_Klymkowsky)/08:_Conjugated_compounds_and_aromaticity/8.12:_Nucleophilic_Substitutions_on_Aromatic_Systems-_Expanding_the_range_of_potential_substitution_products;https://en.wikipedia.org/wiki/Nucleophilic_aromatic_substitution
3,multiagent_grounded,8,0.5,1.0,0.44,120.0,9950.101082287798,multiagent_grounded,0,low,https://chem.libretexts.org/Bookshelves/Organic_Chemistry/OCLUE:_Organic_Chemistry_Life_the_Universe_and_Everything_(Copper_and_Klymkowsky)/08:_Conjugated_compounds_and_aromaticity/8.12:_Nucleophilic_Substitutions_on_Aromatic_Systems-_Expanding_the_range_of_potential_substitution_products;https://en.wikipedia.org/wiki/Nucleophilic_aromatic_substitution;https://en.wikipedia.org/wiki/Nucleophilic_aromatic_substitution
3,multiagent_grounded,9,0.5,1.0,0.5,120.0,10503.03764300311,multiagent_grounded,0,low,https://en.wikipedia.org/wiki/Nucleophilic_aromatic_substitution;https://en.wikipedia.org/wiki/Nucleophilic_aromatic_substitution;https://chem.libretexts.org/Bookshelves/Organic_Chemistry/OCLUE:_Organic_Chemistry_Life_the_Universe_and_Everything_(Copper_and_Klymkowsky)/08:_Conjugated_compounds_and_aromaticity/8.12:_Nucleophilic_Substitutions_on_Aromatic_Systems-_Expanding_the_range_of_potential_substitution_products
3,multiagent_grounded,10,0.5,1.0,0.5,120.0,11063.653512551991,multiagent_grounded,0,low,https://en.wikipedia.org/wiki/Nucleophilic_aromatic_substitution;https://chem.libretexts.org/Bookshelves/Organic_Chemistry/OCLUE:_Organic_Chemistry_Life_the_Universe_and_Everything_(Copper_and_Klymkowsky)/08:_Conjugated_compounds_and_aromaticity/8.12:_Nucleophilic_Substitutions_on_Aromatic_Systems-_Expanding_the_range_of_potential_substitution_products;https://en.wikipedia.org/wiki/Nucleophilic_aromatic_substitution
3,multiagent_grounded,11,0.5,1.0,0.5,30.0,6479.933452487022,multiagent_grounded,0,low,https://chem.libretexts.org/Bookshelves/Organic_Chemistry/OCLUE:_Organic_Chemistry_Life_the_Universe_and_Everything_(Copper_and_Klymkowsky)/08:_Conjugated_compounds_and_aromaticity/8.12:_Nucleophilic_Substitutions_on_Aromatic_Systems-_Expanding_the_range_of_potential_substitution_products;https://en.wikipedia.org/wiki/Nucleophilic_aromatic_substitution;https://en.wikipedia.org/wiki/Nucleophilic_aromatic_substitution
4,multiagent_grounded,0,0.5,5.0,0.5,120.0,3429.7258206900633,multiagent_grounded,0,low,https://chem.libretexts.org/Bookshelves/Organic_Chemistry/OCLUE:_Organic_Chemistry_Life_the_Universe_and_Everything_(Copper_and_Klymkowsky)/08:_Conjugated_compounds_and_aromaticity/8.12:_Nucleophilic_Substitutions_on_Aromatic_Systems-_Expanding_the_range_of_potential_substitution_products;https://en.wikipedia.org/wiki/Nucleophilic_aromatic_substitution;https://en.wikipedia.org/wiki/Nucleophilic_aromatic_substitution
4,multiagent_grounded,1,0.5,1.0,0.5,30.0,6068.971596333597,multiagent_grounded,0,low,https://en.wikipedia.org/wiki/Nucleophilic_aromatic_substitution;https://chem.libretexts.org/Bookshelves/Organic_Chemistry/OCLUE:_Organic_Chemistry_Life_the_Universe_and_Everything_(Copper_and_Klymkowsky)/08:_Conjugated_compounds_and_aromaticity/8.12:_Nucleophilic_Substitutions_on_Aromatic_Systems-_Expanding_the_range_of_potential_substitution_products;https://en.wikipedia.org/wiki/Nucleophilic_aromatic_substitution
4,multiagent_grounded,2,0.5,1.0,0.5,120.0,10419.409569774953,multiagent_grounded,0,low,https://chem.libretexts.org/Bookshelves/Organic_Chemistry/OCLUE:_Organic_Chemistry_Life_the_Universe_and_Everything_(Copper_and_Klymkowsky)/08:_Conjugated_compounds_and_aromaticity/8.12:_Nucleophilic_Substitutions_on_Aromatic_Systems-_Expanding_the_range_of_potential_substitution_products;https://en.wikipedia.org/wiki/Nucleophilic_aromatic_substitution;https://en.wikipedia.org/wiki/Nucleophilic_aromatic_substitution
4,multiagent_grounded,3,0.5,1.0,0.1,102.0,1828.3817248875741,multiagent_grounded,0,low,https://chem.libretexts.org/Bookshelves/Organic_Chemistry/OCLUE:_Organic_Chemistry_Life_the_Universe_and_Everything_(Copper_and_Klymkowsky)/08:_Conjugated_compounds_and_aromaticity/8.12:_Nucleophilic_Substitutions_on_Aromatic_Systems-_Expanding_the_range_of_potential_substitution_products;https://en.wikipedia.org/wiki/Nucleophilic_aromatic_substitution;https://en.wikipedia.org/wiki/Nucleophilic_aromatic_substitution
4,multiagent_grounded,4,0.5,1.0,0.5,95.7,11229.059069431281,multiagent_grounded,0,low,https://chem.libretexts.org/Bookshelves/Organic_Chemistry/OCLUE:_Organic_Chemistry_Life_the_Universe_and_Everything_(Copper_and_Klymkowsky)/08:_Conjugated_compounds_and_aromaticity/8.12:_Nucleophilic_Substitutions_on_Aromatic_Systems-_Expanding_the_range_of_potential_substitution_products;https://en.wikipedia.org/wiki/Nucleophilic_aromatic_substitution;https://en.wikipedia.org/wiki/Nucleophilic_aromatic_substitution
4,multiagent_grounded,5,0.5,5.0,0.5,30.0,12262.09291727163,multiagent_grounded,0,low,https://en.wikipedia.org/wiki/Nucleophilic_aromatic_substitution;https://en.wikipedia.org/wiki/Nucleophilic_aromatic_substitution;https://en.wikipedia.org/wiki/Nucleophilic_aromatic_substitution
4,multiagent_grounded,6,0.5,5.0,0.39,30.0,8386.57716078714,multiagent_grounded,0,low,https://chem.libretexts.org/Bookshelves/Organic_Chemistry/OCLUE:_Organic_Chemistry_Life_the_Universe_and_Everything_(Copper_and_Klymkowsky)/08:_Conjugated_compounds_and_aromaticity/8.12:_Nucleophilic_Substitutions_on_Aromatic_Systems-_Expanding_the_range_of_potential_substitution_products;https://en.wikipedia.org/wiki/Nucleophilic_aromatic_substitution;https://en.wikipedia.org/wiki/Nucleophilic_aromatic_substitution
4,multiagent_grounded,7,0.5,3.88,0.5,50.0,11152.600584324686,multiagent_grounded,0,low,https://en.wikipedia.org/wiki/Nucleophilic_aromatic_substitution;https://chem.libretexts.org/Bookshelves/Organic_Chemistry/OCLUE:_Organic_Chemistry_Life_the_Universe_and_Everything_(Copper_and_Klymkowsky)/08:_Conjugated_compounds_and_aromaticity/8.12:_Nucleophilic_Substitutions_on_Aromatic_Systems-_Expanding_the_range_of_potential_substitution_products;https://en.wikipedia.org/wiki/Nucleophilic_aromatic_substitution
4,multiagent_grounded,8,0.5,5.0,0.5,30.0,12021.52261760665,multiagent_grounded,0,low,https://chem.libretexts.org/Bookshelves/Organic_Chemistry/OCLUE:_Organic_Chemistry_Life_the_Universe_and_Everything_(Copper_and_Klymkowsky)/08:_Conjugated_compounds_and_aromaticity/8.12:_Nucleophilic_Substitutions_on_Aromatic_Systems-_Expanding_the_range_of_potential_substitution_products;https://en.wikipedia.org/wiki/Nucleophilic_aromatic_substitution;https://en.wikipedia.org/wiki/Nucleophilic_aromatic_substitution
4,multiagent_grounded,9,0.89,5.0,0.5,30.0,6329.801708116404,multiagent_grounded,0,low,https://en.wikipedia.org/wiki/Nucleophilic_aromatic_substitution;https://en.wikipedia.org/wiki/Nucleophilic_aromatic_substitution;https://chem.libretexts.org/Bookshelves/Organic_Chemistry/OCLUE:_Organic_Chemistry_Life_the_Universe_and_Everything_(Copper_and_Klymkowsky)/08:_Conjugated_compounds_and_aromaticity/8.12:_Nucleophilic_Substitutions_on_Aromatic_Systems-_Expanding_the_range_of_potential_substitution_products
4,multiagent_grounded,10,0.79,1.0,0.5,105.0,6962.311763022839,multiagent_grounded,0,low,https://en.wikipedia.org/wiki/Nucleophilic_aromatic_substitution;https://chem.libretexts.org/Bookshelves/Organic_Chemistry/OCLUE:_Organic_Chemistry_Life_the_Universe_and_Everything_(Copper_and_Klymkowsky)/08:_Conjugated_compounds_and_aromaticity/8.12:_Nucleophilic_Substitutions_on_Aromatic_Systems-_Expanding_the_range_of_potential_substitution_products;https://en.wikipedia.org/wiki/Nucleophilic_aromatic_substitution
4,multiagent_grounded,11,0.5,1.0,0.4,102.0,8977.07707525149,multiagent_grounded,0,low,https://en.wikipedia.org/wiki/Nucleophilic_aromatic_substitution;https://chem.libretexts.org/Bookshelves/Organic_Chemistry/OCLUE:_Organic_Chemistry_Life_the_Universe_and_Everything_(Copper_and_Klymkowsky)/08:_Conjugated_compounds_and_aromaticity/8.12:_Nucleophilic_Substitutions_on_Aromatic_Systems-_Expanding_the_range_of_potential_substitution_products;https://en.wikipedia.org/wiki/Nucleophilic_aromatic_substitution
